Workbook

Sheet Suite de pruebas
A1: SUITE DE PRUEBAS - OPENCART DEMO (ABSTRACTA) · GRUPO 7 | M1: OK
A2: ID | B2: Caso de prueba | C2: Prioridad | D2: Precondiciones | E2: Datos de entrada | F2: Pasos | G2: Resultados Esperado | H2: Resultado Obtenido | I2: Estado prueba | J2: Evidencia | M2: FALLO
A3: AREA FUNCIONAL: F01 — REGISTRO DE USUARIO | M3: BLOQUEADO
A4: TC-R01 | B4: Registro válido con todos los datos requeridos | C4: Alta | D4: 1. Acceso a internet y navegador 2. No tener sesión iniciada en el sitio | E4: First Name: Javier Last Name: Prueba E-Mail: grupo7.manual.javier@example.com Telephone: 55551234 Password: Manual2026! Password Confirm: Manual2026! Privacy Policy: marcado | F4: 1. Ingresar a https://opencart.abstracta.us 2. Clic en "My Account" > "Register" 3. Llenar los campos con los datos de entrada 4. Marcar "Privacy Policy" 5. Clic en "Continue" 6. Clic en "My Account" > "Logout" 7. Iniciar sesión con el E-Mail y Password registrados | G4: Se muestra la página "Your Account Has Been Created!". Después de cerrar sesión, el inicio de sesión con las credenciales registradas lleva a "My Account". | J4: TC-R01.png
A5: TC-R02 | B5: Registro con campos obligatorios vacíos | C5: Media | D5: 1. Acceso a internet y navegador 2. No tener sesión iniciada | E5: Todos los campos vacíos Privacy Policy: marcado | F5: 1. Ingresar a https://opencart.abstracta.us/index.php?route=account/register 2. Dejar todos los campos vacíos 3. Marcar "Privacy Policy" 4. Clic en "Continue" | G5: No se crea la cuenta y se muestra un mensaje de error debajo de cada campo obligatorio: First Name, Last Name, E-Mail, Telephone y Password. | J5: TC-R02.png
A6: TC-R03 | B6: Registro con contraseñas que no coinciden | C6: Media | D6: 1. Acceso a internet y navegador 2. No tener sesión iniciada | E6: First Name: Javier Last Name: Prueba E-Mail: grupo7.r03@example.com Telephone: 55551234 Password: Clave2026! Password Confirm: Clave2027! | F6: 1. Ingresar a https://opencart.abstracta.us/index.php?route=account/register 2. Llenar los campos con los datos de entrada 3. Marcar "Privacy Policy" 4. Clic en "Continue" | G6: No se crea la cuenta y se muestra el mensaje "Password confirmation does not match password!" debajo de "Password Confirm". | J6: TC-R03.png
A7: TC-R04 | B7: Registro con un email ya utilizado | C7: Alta | D7: 1. TC-R01 ejecutado (la cuenta ya existe) 2. No tener sesión iniciada | E7: First Name: Javier Last Name: Duplicado E-Mail: grupo7.manual.javier@example.com Telephone: 55551234 Password: Otra2026! Password Confirm: Otra2026! | F7: 1. Ingresar a https://opencart.abstracta.us/index.php?route=account/register 2. Llenar los campos con los datos de entrada 3. Marcar "Privacy Policy" 4. Clic en "Continue" | G7: No se crea una segunda cuenta y se muestra el mensaje "Warning: E-Mail Address is already registered!". | J7: TC-R04.png
A8: TC-R05 | B8: Nombre en el límite de longitud (valores en la frontera: 32 y 33 caracteres) | C8: Baja | D8: 1. Acceso a internet y navegador 2. No tener sesión iniciada | E8: First Name (32): Abcdefghijabcdefghijabcdefghijab First Name (33): Abcdefghijabcdefghijabcdefghijabc Password: Clave2026! Password Confirm: Distinta2026! (distinta a propósito para no crear la cuenta) Resto de campos válidos | F8: 1. Ingresar a https://opencart.abstracta.us/index.php?route=account/register 2. Escribir el nombre de 32 caracteres y llenar el resto de campos 3. Clic en "Continue" y revisar el campo First Name 4. Repetir con el nombre de 33 caracteres | G8: Con 32 caracteres, First Name no muestra error (solo aparece el de la confirmación). Con 33 caracteres se muestra "First Name must be between 1 and 32 characters!". | J8: TC-R05.png
A9: TC-R06 | B9: Teléfono con letras y símbolos (partición de equivalencia: clase inválida) | C9: Media | D9: 1. Acceso a internet y navegador 2. No tener sesión iniciada | E9: First Name: Prueba Last Name: Grupo7 E-Mail: grupo7.evidencia@example.com Telephone: abc-xyz Password: Clave2026! Password Confirm: Distinta2026! (distinta a propósito para no crear la cuenta) | F9: 1. Ingresar a https://opencart.abstracta.us/index.php?route=account/register 2. Llenar los campos con los datos de entrada 3. Marcar "Privacy Policy" 4. Clic en "Continue" y revisar el campo Telephone | G9: Se muestra un mensaje de error en Telephone indicando que solo admite números. | J9: TC-R06.png
A10: TC-R07 | B10: Contraseña trivial de 4 dígitos (partición de equivalencia: clase inválida) | C10: Media | D10: 1. Acceso a internet y navegador 2. No tener sesión iniciada | E10: First Name: Prueba Last Name: Grupo7 E-Mail: grupo7.evidencia@example.com Telephone: 55551234 Password: 1234 Password Confirm: 9999 (distinta a propósito para no crear la cuenta) | F10: 1. Ingresar a https://opencart.abstracta.us/index.php?route=account/register 2. Llenar los campos con los datos de entrada 3. Marcar "Privacy Policy" 4. Clic en "Continue" y revisar el campo Password | G10: Se muestra un mensaje en Password indicando los requisitos mínimos de seguridad (longitud y combinación de letras y números). | J10: TC-R07.png
A11: AREA FUNCIONAL: F02/F03 — INICIO Y CIERRE DE SESIÓN
A12: TC-L01 | B12: Inicio de sesión con credenciales válidas | C12: Alta | D12: 1. TC-R01 ejecutado (la cuenta existe) 2. No tener sesión iniciada | E12: E-Mail: grupo7.manual.javier@example.com Password: Manual2026! | F12: 1. Ingresar a https://opencart.abstracta.us 2. Clic en "My Account" > "Login" 3. Escribir el E-Mail y el Password 4. Clic en "Login" | G12: Se redirige a la página "My Account" con las opciones de la cuenta (Edit Account, Password, etc.). | J12: TC-L01.png
A13: TC-L02 | B13: Inicio de sesión con contraseña incorrecta | C13: Alta | D13: 1. TC-R01 ejecutado 2. No tener sesión iniciada Nota: no repetir más de 4 veces seguidas (el sitio bloquea el email 1 hora) | E13: E-Mail: grupo7.manual.javier@example.com Password: Incorrecta99! | F13: 1. Ingresar a https://opencart.abstracta.us/index.php?route=account/login 2. Escribir el E-Mail y el Password incorrecto 3. Clic en "Login" | G13: No se inicia sesión y se muestra el mensaje "Warning: No match for E-Mail Address and/or Password.". | J13: TC-L02.png
A14: TC-L03 | B14: Cierre de sesión y verificación de redirección | C14: Alta | D14: 1. Sesión iniciada con la cuenta de TC-R01 | E14: No aplica | F14: 1. Estando en "My Account", clic en "Logout" (menú lateral) 2. Verificar la página mostrada 3. Ingresar a https://opencart.abstracta.us/index.php?route=account/account | G14: Se muestra la página "Account Logout". Al intentar entrar a "My Account" después de cerrar sesión, el sitio redirige a la página de Login. | J14: TC-L03.png
A15: AREA FUNCIONAL: F04/F05 — PERFIL Y CONTRASEÑA
A16: TC-P01 | B16: Actualizar el teléfono del perfil y verificar que persiste | C16: Media | D16: 1. Sesión iniciada con la cuenta de TC-R01 | E16: Telephone: 55559876 | F16: 1. En "My Account", clic en "Edit Account" 2. Cambiar Telephone por el dato de entrada 3. Clic en "Continue" 4. Volver a "Edit Account" y revisar el campo Telephone | G16: Se muestra "Success: Your account has been successfully updated." y al volver a "Edit Account" el teléfono es 55559876. | J16: TC-P01.png
A17: TC-P02 | B17: Dejar el campo First Name vacío al editar el perfil | C17: Media | D17: 1. Sesión iniciada con la cuenta de TC-R01 | E17: First Name: (vacío) | F17: 1. En "My Account", clic en "Edit Account" 2. Borrar el contenido de First Name 3. Clic en "Continue" | G17: No se guardan los cambios y se muestra "First Name must be between 1 and 32 characters!" debajo del campo. | J17: TC-P02.png
A18: TC-P03 | B18: Cambio de contraseña exitoso | C18: Alta | D18: 1. Sesión iniciada con la cuenta de TC-R01 2. Ejecutar al final: cambia la contraseña de la cuenta | E18: Contraseña actual: Manual2026! Nueva contraseña: Manual2026!B Confirmación: Manual2026!B | F18: 1. En "My Account", clic en "Password" 2. Escribir la nueva contraseña y su confirmación 3. Clic en "Continue" 4. Cerrar sesión 5. Intentar iniciar sesión con la contraseña anterior 6. Iniciar sesión con la contraseña nueva | G18: Se muestra "Success: Your password has been successfully updated.". La contraseña anterior es rechazada y la nueva permite entrar a "My Account". | J18: TC-P03.png
A19: AREA FUNCIONAL: F06 — CALIFICACIÓN DE PRODUCTO
A20: TC-V01 | B20: Calificar un producto con 5 estrellas y enviar una reseña | C20: Alta | D20: 1. Acceso a internet y navegador 2. No es necesario iniciar sesión | E20: Producto: Samsung Galaxy Tab 10.1 Your Name: Karla Prueba Your Review: Reseña de prueba del Grupo 7 con calificación de cinco estrellas. Rating: 5 (Good) | F20: 1. Ingresar a https://opencart.abstracta.us/index.php?route=product/product&product_id=49 2. Clic en la pestaña "Reviews" 3. Escribir Your Name y Your Review 4. Seleccionar la calificación 5 (Good) 5. Clic en "Continue" | G20: Se muestra el mensaje "Thank you for your review. It has been submitted to the webmaster for approval." y el formulario se limpia. | J20: TC-V01.png
A21: TC-V02 | B21: Enviar una reseña sin seleccionar calificación | C21: Media | D21: 1. Acceso a internet y navegador | E21: Producto: Samsung Galaxy Tab 10.1 Your Name: Karla Prueba Your Review: Reseña de prueba del Grupo 7 sin seleccionar calificación. Rating: (ninguna) | F21: 1. Ingresar a https://opencart.abstracta.us/index.php?route=product/product&product_id=49 2. Clic en la pestaña "Reviews" 3. Escribir Your Name y Your Review 4. No seleccionar ninguna calificación 5. Clic en "Continue" | G21: La reseña no se envía y se muestra el mensaje "Warning: Please select a review rating!". | J21: TC-V02.png
A22: AREA FUNCIONAL: F07 — RESEÑA DE PRODUCTO
A23: TC-C01 | B23: Agregar una reseña válida con nombre y comentario | C23: Alta | D23: 1. Acceso a internet y navegador | E23: Producto: Samsung Galaxy Tab 10.1 Your Name: Karla Prueba Your Review: La tablet tiene buena pantalla y la batería dura todo el día. Rating: 4 | F23: 1. Ingresar a https://opencart.abstracta.us/index.php?route=product/product&product_id=49 2. Clic en la pestaña "Reviews" 3. Escribir Your Name y Your Review 4. Seleccionar la calificación 4 5. Clic en "Continue" | G23: Se muestra el mensaje de confirmación "Thank you for your review. It has been submitted to the webmaster for approval.". | J23: TC-C01.png
A24: TC-C02 | B24: Enviar una reseña sin texto en el comentario | C24: Media | D24: 1. Acceso a internet y navegador | E24: Producto: Samsung Galaxy Tab 10.1 Your Name: Karla Prueba Your Review: (vacío) Rating: 3 | F24: 1. Ingresar a https://opencart.abstracta.us/index.php?route=product/product&product_id=49 2. Clic en la pestaña "Reviews" 3. Escribir solo Your Name y dejar Your Review vacío 4. Seleccionar la calificación 3 5. Clic en "Continue" | G24: La reseña no se envía y se muestra el mensaje "Warning: Review Text must be between 25 and 1000 characters!". | J24: TC-C02.png
A25: AREA FUNCIONAL: F08/F09 — NAVEGACIÓN, BÚSQUEDA Y ERRORES
A26: TC-N01 | B26: Navegar por las categorías del menú | C26: Media | D26: 1. Acceso a internet y navegador | E26: Categorías: Desktops, Laptops & Notebooks, Components, Tablets, Software, Phones & PDAs, Cameras, MP3 Players | F26: 1. Ingresar a https://opencart.abstracta.us 2. En el menú superior, abrir cada categoría (en las que tienen submenú, clic en "Show All ...") 3. En cada una, comparar el contador del menú lateral con el texto "Showing ... of ..." del final | G26: Todas las categorías cargan sin errores visibles y el contador del menú lateral coincide con la cantidad de productos listados. | J26: TC-N01.png
A27: TC-N02 | B27: Buscar un producto por nombre | C27: Media | D27: 1. Acceso a internet y navegador | E27: Texto a buscar: iPhone | F27: 1. Ingresar a https://opencart.abstracta.us 2. Escribir "iPhone" en el buscador del encabezado 3. Presionar Enter | G27: La página "Search - iPhone" muestra el producto iPhone y todos los resultados contienen "iPhone" en el nombre o la descripción. | J27: TC-N02.png
A28: TC-N03 | B28: Dejar campos obligatorios vacíos en el formulario de contacto | C28: Media | D28: 1. Acceso a internet y navegador | E28: Your Name: (vacío) E-Mail Address: (vacío) Enquiry: (vacío) | F28: 1. Ingresar a https://opencart.abstracta.us 2. Clic en "Contact Us" (pie de página) 3. Dejar todos los campos vacíos 4. Clic en "Submit" | G28: No se envía el mensaje y se muestra un error debajo de cada campo: "Name must be between 3 and 32 characters!", "E-Mail Address does not appear to be valid!" y "Enquiry must be between 10 and 3000 characters!". | J28: TC-N03.png
A29: TC-N04 | B29: Ingresar caracteres especiales en campos de texto libre | C29: Media | D29: 1. Acceso a internet y navegador | E29: Texto a buscar: % | F29: 1. Ingresar a https://opencart.abstracta.us 2. Escribir "%" en el buscador del encabezado 3. Presionar Enter | G29: El sistema trata "%" como texto y muestra "There is no product that matches the search criteria.", sin errores. | J29: TC-N04.png

Sheet Resumen
A1: RESUMEN DE EJECUCIÓN — se actualiza solo al llenar la columna "Estado prueba"
A3: Funcionalidad | B3: Casos | C3: OK | D3: FALLO | E3: BLOQUEADO | F3: Sin ejecutar
A4: F01 — Registro | B4: =COUNTIF('Suite de pruebas'!$A:$A,"TC-R*") -> 7 | C4: =COUNTIFS('Suite de pruebas'!$A:$A,"TC-R*",'Suite de pruebas'!$I:$I,"OK") -> 0 | D4: =COUNTIFS('Suite de pruebas'!$A:$A,"TC-R*",'Suite de pruebas'!$I:$I,"FALLO") -> 0 | E4: =COUNTIFS('Suite de pruebas'!$A:$A,"TC-R*",'Suite de pruebas'!$I:$I,"BLOQUEADO") -> 0 | F4: =B4-C4-D4-E4 -> 7
A5: F02/F03 — Sesión | B5: =COUNTIF('Suite de pruebas'!$A:$A,"TC-L*") -> 3 | C5: =COUNTIFS('Suite de pruebas'!$A:$A,"TC-L*",'Suite de pruebas'!$I:$I,"OK") -> 0 | D5: =COUNTIFS('Suite de pruebas'!$A:$A,"TC-L*",'Suite de pruebas'!$I:$I,"FALLO") -> 0 | E5: =COUNTIFS('Suite de pruebas'!$A:$A,"TC-L*",'Suite de pruebas'!$I:$I,"BLOQUEADO") -> 0 | F5: =B5-C5-D5-E5 -> 3
A6: F04/F05 — Perfil | B6: =COUNTIF('Suite de pruebas'!$A:$A,"TC-P*") -> 3 | C6: =COUNTIFS('Suite de pruebas'!$A:$A,"TC-P*",'Suite de pruebas'!$I:$I,"OK") -> 0 | D6: =COUNTIFS('Suite de pruebas'!$A:$A,"TC-P*",'Suite de pruebas'!$I:$I,"FALLO") -> 0 | E6: =COUNTIFS('Suite de pruebas'!$A:$A,"TC-P*",'Suite de pruebas'!$I:$I,"BLOQUEADO") -> 0 | F6: =B6-C6-D6-E6 -> 3
A7: F06 — Calificación | B7: =COUNTIF('Suite de pruebas'!$A:$A,"TC-V*") -> 2 | C7: =COUNTIFS('Suite de pruebas'!$A:$A,"TC-V*",'Suite de pruebas'!$I:$I,"OK") -> 0 | D7: =COUNTIFS('Suite de pruebas'!$A:$A,"TC-V*",'Suite de pruebas'!$I:$I,"FALLO") -> 0 | E7: =COUNTIFS('Suite de pruebas'!$A:$A,"TC-V*",'Suite de pruebas'!$I:$I,"BLOQUEADO") -> 0 | F7: =B7-C7-D7-E7 -> 2
A8: F07 — Reseña | B8: =COUNTIF('Suite de pruebas'!$A:$A,"TC-C*") -> 2 | C8: =COUNTIFS('Suite de pruebas'!$A:$A,"TC-C*",'Suite de pruebas'!$I:$I,"OK") -> 0 | D8: =COUNTIFS('Suite de pruebas'!$A:$A,"TC-C*",'Suite de pruebas'!$I:$I,"FALLO") -> 0 | E8: =COUNTIFS('Suite de pruebas'!$A:$A,"TC-C*",'Suite de pruebas'!$I:$I,"BLOQUEADO") -> 0 | F8: =B8-C8-D8-E8 -> 2
A9: F08/F09 — Navegación y errores | B9: =COUNTIF('Suite de pruebas'!$A:$A,"TC-N*") -> 4 | C9: =COUNTIFS('Suite de pruebas'!$A:$A,"TC-N*",'Suite de pruebas'!$I:$I,"OK") -> 0 | D9: =COUNTIFS('Suite de pruebas'!$A:$A,"TC-N*",'Suite de pruebas'!$I:$I,"FALLO") -> 0 | E9: =COUNTIFS('Suite de pruebas'!$A:$A,"TC-N*",'Suite de pruebas'!$I:$I,"BLOQUEADO") -> 0 | F9: =B9-C9-D9-E9 -> 4
A10: TOTAL | B10: =SUM(B4:B9) -> 21 | C10: =SUM(C4:C9) -> 0 | D10: =SUM(D4:D9) -> 0 | E10: =SUM(E4:E9) -> 0 | F10: =SUM(F4:F9) -> 21
A12: Porcentaje de casos ejecutados | B12: =IF(B10=0,0,(C10+D10+E10)/B10) -> 0
A13: Porcentaje de casos OK (sobre ejecutados) | B13: =IF((C10+D10+E10)=0,0,C10/(C10+D10+E10)) -> 0
A16: CÓMO LLENAR ESTE ARCHIVO
A17: 1. Ejecutar cada caso en el sitio siguiendo sus pasos (grabando el video individual de pruebas manuales).
A18: 2. "Resultado Obtenido": escribir lo que realmente ocurrió (y pegar la captura si se desea, como en la plantilla).
A19: 3. "Estado prueba": elegir OK, FALLO o BLOQUEADO en la lista desplegable.
A20: 4. "Evidencia": guardar la captura con el nombre indicado (por ejemplo TC-R01.png) en la carpeta evidencias/.
A21: 5. Casos TC-R01 a TC-P03: los ejecuta Javier. Casos TC-V01 a TC-N04: los ejecuta Karla. Cada uno graba su video individual.
A22: Cuenta manual del grupo (creada en TC-R01): grupo7.manual.javier@example.com · contraseña Manual2026! (TC-P03 la cambia a Manual2026!B).
A23: Si un caso de registro se ejecuta solo para ver validaciones, usar una confirmación de contraseña distinta: así no se crean cuentas de más (sección 13).
